{"cameraMode":{"drawMode":0,"name":"Shaded","section":"Shading Mode"},"sceneLighting":false,"audioPlay":false,"sceneViewState":{"showFog":true,"showMaterialUpdate":false,"showSkybox":false,"showFlares":true,"showImageEffects":true,"showParticleSystems":true},"in2DMode":false,"pivot":{"x":0.4971187114715576,"y":-0.3238542079925537,"z":13.40143871307373},"rotation":{"x":0.22731533646583558,"y":0.48361116647720339,"z":-0.1316666603088379,"w":0.8349518775939941},"size":2.6033942699432375,"orthographic":false}