{"cameraMode":{"drawMode":0,"name":"Shaded","section":"Shading Mode"},"sceneLighting":false,"audioPlay":false,"sceneViewState":{"showFog":true,"showMaterialUpdate":false,"showSkybox":false,"showFlares":true,"showImageEffects":true,"showParticleSystems":true},"in2DMode":false,"pivot":{"x":1.7568439245224,"y":0.6869558691978455,"z":13.427963256835938},"rotation":{"x":0.2557465732097626,"y":0.5566945672035217,"z":-0.185289204120636,"w":0.7683644890785217},"size":1.094987392425537,"orthographic":false}