{"cameraMode":{"drawMode":0,"name":"Shaded","section":"Shading Mode"},"sceneLighting":false,"audioPlay":false,"sceneViewState":{"showFog":true,"showMaterialUpdate":false,"showSkybox":false,"showFlares":true,"showImageEffects":true,"showParticleSystems":true},"in2DMode":false,"pivot":{"x":-8.170083999633789,"y":0.040866851806640628,"z":3.85214900970459},"rotation":{"x":0.2557465732097626,"y":0.5566945672035217,"z":-0.185289204120636,"w":0.7683644890785217},"size":2.169241428375244,"orthographic":false}