{"cameraMode":{"drawMode":0,"name":"Shaded","section":"Shading Mode"},"sceneLighting":false,"audioPlay":false,"sceneViewState":{"showFog":true,"showMaterialUpdate":false,"showSkybox":false,"showFlares":true,"showImageEffects":true,"showParticleSystems":true},"in2DMode":false,"pivot":{"x":3.4923267364501955,"y":0.2328503429889679,"z":0.691648542881012},"rotation":{"x":-0.0810997411608696,"y":0.9123243093490601,"z":-0.22065964341163636,"w":-0.3352944850921631},"size":1.5443121194839478,"orthographic":false}