{"cameraMode":{"drawMode":0,"name":"Shaded","section":"Shading Mode"},"sceneLighting":false,"audioPlay":false,"sceneViewState":{"showFog":true,"showMaterialUpdate":false,"showSkybox":false,"showFlares":true,"showImageEffects":true,"showParticleSystems":true},"in2DMode":false,"pivot":{"x":1.4803407192230225,"y":-1.847642421722412,"z":13.638236045837403},"rotation":{"x":0.5223510265350342,"y":0.19799917936325074,"z":-0.1261734664440155,"w":0.8197923302650452},"size":8.079242706298829,"orthographic":false}