{"cameraMode":{"drawMode":0,"name":"Shaded","section":"Shading Mode"},"sceneLighting":false,"audioPlay":false,"sceneViewState":{"showFog":true,"showMaterialUpdate":false,"showSkybox":false,"showFlares":true,"showImageEffects":true,"showParticleSystems":true},"in2DMode":false,"pivot":{"x":5.554999828338623,"y":0.3512466847896576,"z":13.214069366455079},"rotation":{"x":0.214853897690773,"y":0.43911513686180117,"z":-0.108995221555233,"w":0.8655445575714111},"size":2.7607040405273439,"orthographic":false}