{"cameraMode":{"drawMode":0,"name":"Shaded","section":"Shading Mode"},"sceneLighting":false,"audioPlay":false,"sceneViewState":{"showFog":true,"showMaterialUpdate":false,"showSkybox":false,"showFlares":true,"showImageEffects":true,"showParticleSystems":true},"in2DMode":false,"pivot":{"x":-1.2458248138427735,"y":1.4898085594177247,"z":18.77541732788086},"rotation":{"x":0.22731533646583558,"y":0.48361116647720339,"z":-0.1316666603088379,"w":0.8349518775939941},"size":10.906307220458985,"orthographic":false}