{"cameraMode":{"drawMode":0,"name":"Shaded","section":"Shading Mode"},"sceneLighting":false,"audioPlay":false,"sceneViewState":{"showFog":true,"showMaterialUpdate":false,"showSkybox":false,"showFlares":true,"showImageEffects":true,"showParticleSystems":true},"in2DMode":false,"pivot":{"x":4.024324893951416,"y":-0.08176577091217041,"z":3.110090732574463},"rotation":{"x":0.03980635479092598,"y":0.9432373046875,"z":-0.30611127614974978,"w":0.12264978140592575},"size":2.2297465801239015,"orthographic":false}