{"cameraMode":{"drawMode":0,"name":"Shaded","section":"Shading Mode"},"sceneLighting":false,"audioPlay":false,"sceneViewState":{"showFog":true,"showMaterialUpdate":false,"showSkybox":false,"showFlares":true,"showImageEffects":true,"showParticleSystems":true},"in2DMode":false,"pivot":{"x":-3.474024772644043,"y":0.5239931344985962,"z":2.406646251678467},"rotation":{"x":0.0019470187835395337,"y":0.9899519681930542,"z":-0.14082816243171693,"w":0.013667657971382141},"size":1.413246989250183,"orthographic":false}