{"cameraMode":{"drawMode":0,"name":"Shaded","section":"Shading Mode"},"sceneLighting":false,"audioPlay":false,"sceneViewState":{"showFog":true,"showMaterialUpdate":false,"showSkybox":false,"showFlares":true,"showImageEffects":true,"showParticleSystems":true},"in2DMode":false,"pivot":{"x":-0.7312755584716797,"y":0.26228874921798708,"z":9.515068054199219},"rotation":{"x":0.214853897690773,"y":0.43911513686180117,"z":-0.108995221555233,"w":0.8655445575714111},"size":0.6955137848854065,"orthographic":false}