{"cameraMode":{"drawMode":0,"name":"Shaded","section":"Shading Mode"},"sceneLighting":false,"audioPlay":false,"sceneViewState":{"showFog":true,"showMaterialUpdate":false,"showSkybox":false,"showFlares":true,"showImageEffects":true,"showParticleSystems":true},"in2DMode":false,"pivot":{"x":0.6800308227539063,"y":1.2472717761993409,"z":11.349319458007813},"rotation":{"x":0.214853897690773,"y":0.43911513686180117,"z":-0.108995221555233,"w":0.8655445575714111},"size":3.9697813987731935,"orthographic":false}